[{"model": "core.faculty", "pk": 1, "fields": {"name": "Ciencias"}}, {"model": "core.faculty", "pk": 2, "fields": {"name": "Ingenierías Fisicomecánicas"}}, {"model": "core.faculty", "pk": 3, "fields": {"name": "Ingenierías Fisicoquímicas"}}, {"model": "core.faculty", "pk": 4, "fields": {"name": "Ciencias Humanas"}}, {"model": "core.faculty", "pk": 5, "fields": {"name": "Salud"}}, {"model": "core.school", "pk": 1, "fields": {"name": "Biología", "faculty": 1}}, {"model": "core.school", "pk": 2, "fields": {"name": "Física", "faculty": 1}}, {"model": "core.school", "pk": 3, "fields": {"name": "Matemáticas", "faculty": 1}}, {"model": "core.school", "pk": 4, "fields": {"name": "Química", "faculty": 1}}, {"model": "core.school", "pk": 5, "fields": {"name": "Licenciatura en Matemáticas", "faculty": 1}}, {"model": "core.school", "pk": 6, "fields": {"name": "Diseño Industrial", "faculty": 2}}, {"model": "core.school", "pk": 7, "fields": {"name": "Ingeniería Civil", "faculty": 2}}, {"model": "core.school", "pk": 8, "fields": {"name": "Ingeniería Eléctrica", "faculty": 2}}, {"model": "core.school", "pk": 9, "fields": {"name": "Ingeniería Electrónica", "faculty": 2}}, {"model": "core.school", "pk": 10, "fields": {"name": "Ingeniería Industrial", "faculty": 2}}, {"model": "core.school", "pk": 11, "fields": {"name": "Ingeniería Mecánica", "faculty": 2}}, {"model": "core.school", "pk": 12, "fields": {"name": "Ingeniería de Sistemas", "faculty": 2}}, {"model": "core.school", "pk": 13, "fields": {"name": "Ingeniería Biomédica", "faculty": 2}}, {"model": "core.school", "pk": 14, "fields": {"name": "Ingeniería en Ciencia de Datos", "faculty": 2}}, {"model": "core.school", "pk": 15, "fields": {"name": "Geología", "faculty": 3}}, {"model": "core.school", "pk": 16, "fields": {"name": "Ingeniería Metalúrgica", "faculty": 3}}, {"model": "core.school", "pk": 17, "fields": {"name": "Ingeniería de Petróleos", "faculty": 3}}, {"model": "core.school", "pk": 18, "fields": {"name": "Ingeniería Química", "faculty": 3}}, {"model": "core.school", "pk": 19, "fields": {"name": "Derecho", "faculty": 4}}, {"model": "core.school", "pk": 20, "fields": {"name": "Economía", "faculty": 4}}, {"model": "core.school", "pk": 21, "fields": {"name": "Filosofía", "faculty": 4}}, {"model": "core.school", "pk": 22, "fields": {"name": "Historia y Archivística", "faculty": 4}}, {"model": "core.school", "pk": 23, "fields": {"name": "Licenciatura en Educación Básica Primaria", "faculty": 4}}, {"model": "core.school", "pk": 24, "fields": {"name": "Licenciatura en Literatura y Lengua Castellana", "faculty": 4}}, {"model": "core.school", "pk": 25, "fields": {"name": "Licenciatura en Lenguas Extranjeras con énfasis en Inglés", "faculty": 4}}, {"model": "core.school", "pk": 26, "fields": {"name": "Licenciatura en Música", "faculty": 4}}, {"model": "core.school", "pk": 27, "fields": {"name": "Trabajo Social", "faculty": 4}}, {"model": "core.school", "pk": 28, "fields": {"name": "Técnica Profesional en Ejecución de Proyectos Culturales y Creativos", "faculty": 4}}, {"model": "core.school", "pk": 29, "fields": {"name": "Enfermería", "faculty": 5}}, {"model": "core.school", "pk": 30, "fields": {"name": "Fisioterapia", "faculty": 5}}, {"model": "core.school", "pk": 31, "fields": {"name": "Medicina", "faculty": 5}}, {"model": "core.school", "pk": 32, "fields": {"name": "Nutrición y Dietética", "faculty": 5}}, {"model": "core.school", "pk": 33, "fields": {"name": "Microbiología y Bioanálisis", "faculty": 5}}, {"model": "core.user", "pk": 1, "fields": {"name": "Janer Vega", "email": "janer@mail.com", "password": "1234", "school": 12}}, {"model": "core.user", "pk": 2, "fields": {"name": "Fabiana Acuña", "email": "fabi@mail.com", "password": "9876", "school": 12}}, {"model": "core.user", "pk": 3, "fields": {"name": "Carlos García", "email": "carlos@mail.com", "password": "13579", "school": 12}}, {"model": "core.group", "pk": 1, "fields": {"name": "Grupo 1", "description": "Este es el grupo 1.", "schedule": "Lunes y martes de 8:00 a.m. a 10:00 a.m.", "location": "Sotano de LP", "quota": 10, "creator": 1, "school": 3}}, {"model": "core.group", "pk": 2, "fields": {"name": "Grupo 2", "description": "Este es el grupo 2", "schedule": "Miércoles de 6:00 a.m. a 9:00 a.m.", "location": "Humanitas", "quota": 15, "creator": 2, "school": 20}}, {"model": "core.group", "pk": 3, "fields": {"name": "Grupo 3", "description": "Este es el grupo 3", "schedule": "Jueves y viernes 12:00 m. a 4:00 p.m.", "location": "4to piso - Bienestar", "quota": null, "creator": 3, "school": null}}]