[
  {
    "model": "core.user",
    "pk": 4,
    "fields": {
      "name": "Ana Sofía Pérez",
      "email": "ana@mail.com",
      "password": "1234",
      "school": 19
    }
  },
  {
    "model": "core.user",
    "pk": 5,
    "fields": {
      "name": "Juan Camilo Rodríguez",
      "email": "juan@mail.com",
      "password": "1234",
      "school": 12
    }
  },
  {
    "model": "core.user",
    "pk": 6,
    "fields": {
      "name": "Laura Martínez",
      "email": "laura@mail.com",
      "password": "1234",
      "school": 1
    }
  },
  {
    "model": "core.user",
    "pk": 7,
    "fields": {
      "name": "David Gómez",
      "email": "david@mail.com",
      "password": "1234",
      "school": 2
    }
  },
  {
    "model": "core.user",
    "pk": 8,
    "fields": {
      "name": "Isabella Díaz",
      "email": "isabella@mail.com",
      "password": "1234",
      "school": 3
    }
  },
  {
    "model": "core.user",
    "pk": 9,
    "fields": {
      "name": "Sebastián Fernández",
      "email": "sebastian@mail.com",
      "password": "1234",
      "school": 4
    }
  },
  {
    "model": "core.user",
    "pk": 10,
    "fields": {
      "name": "Gabriela Hernández",
      "email": "gabriela@mail.com",
      "password": "1234",
      "school": 5
    }
  },
  {
    "model": "core.user",
    "pk": 11,
    "fields": {
      "name": "Samuel Jiménez",
      "email": "samuel@mail.com",
      "password": "1234",
      "school": 6
    }
  },
  {
    "model": "core.user",
    "pk": 12,
    "fields": {
      "name": "Valentina López",
      "email": "valentina@mail.com",
      "password": "1234",
      "school": 7
    }
  },
  {
    "model": "core.user",
    "pk": 13,
    "fields": {
      "name": "Daniel Ramírez",
      "email": "daniel@mail.com",
      "password": "1234",
      "school": 8
    }
  },
  {
    "model": "core.user",
    "pk": 14,
    "fields": {
      "name": "Mariana Sánchez",
      "email": "mariana@mail.com",
      "password": "1234",
      "school": 9
    }
  },
  {
    "model": "core.user",
    "pk": 15,
    "fields": {
      "name": "Andrés Torres",
      "email": "andres@mail.com",
      "password": "1234",
      "school": 10
    }
  },
  {
    "model": "core.user",
    "pk": 16,
    "fields": {
      "name": "Camila Vargas",
      "email": "camila@mail.com",
      "password": "1234",
      "school": 11
    }
  },
  {
    "model": "core.user",
    "pk": 17,
    "fields": {
      "name": "Nicolás Zuluaga",
      "email": "nicolas@mail.com",
      "password": "1234",
      "school": 13
    }
  },
  {
    "model": "core.user",
    "pk": 18,
    "fields": {
      "name": "Sara Morales",
      "email": "sara@mail.com",
      "password": "1234",
      "school": 14
    }
  },
  {
    "model": "core.group",
    "pk": 6,
    "fields": {
      "name": "Club de Debate",
      "description": "Debate sobre temas de actualidad",
      "schedule": "Viernes 3:00 p.m. - 5:00 p.m.",
      "location": "Auditorio principal",
      "quota": null,
      "creator": 4,
      "school": 19
    }
  },
  {
    "model": "core.group",
    "pk": 7,
    "fields": {
      "name": "Grupo de Estudio de Algoritmos",
      "description": "Estudiar y resolver problemas de algoritmos",
      "schedule": "Martes y jueves 7:00 p.m. - 9:00 p.m.",
      "location": "Laboratorio de computación",
      "quota": 10,
      "creator": 5,
      "school": 12
    }
  },
  {
    "model": "core.group",
    "pk": 8,
    "fields": {
      "name": "Club de Lectura",
      "description": "Leer y discutir sobre libros de diferentes géneros",
      "schedule": "Sábados 10:00 a.m. - 12:00 p.m.",
      "location": "Biblioteca",
      "quota": 15,
      "creator": 6,
      "school": 1
    }
  },
  {
    "model": "core.group",
    "pk": 9,
    "fields": {
      "name": "Grupo de Investigación en Física",
      "description": "Investigar sobre temas de física teórica y experimental",
      "schedule": "Lunes y miércoles 4:00 p.m. - 6:00 p.m.",
      "location": "Laboratorio de física",
      "quota": 5,
      "creator": 7,
      "school": 2
    }
  },
  {
    "model": "core.announcement",
    "pk": 5,
    "fields": {
      "publisher": 4,
      "group": 6,
      "description": "Debate sobre la legalización del cannabis",
      "creation_date": "2024-12-02",
      "expiration_date": "2024-12-08"
    }
  },
  {
    "model": "core.announcement",
    "pk": 6,
    "fields": {
      "publisher": 4,
      "group": 6,
      "description": "Proximamente debate sobre la eutanasia",
      "creation_date": "2024-12-02",
      "expiration_date": "2024-12-15"
    }
  },
  {
    "model": "core.announcement",
    "pk": 7,
    "fields": {
      "publisher": 5,
      "group": 7,
      "description": "Reunión para discutir el algoritmo de Dijkstra",
      "creation_date": "2024-12-02",
      "expiration_date": "2024-12-05"
    }
  },
  {
    "model": "core.announcement",
    "pk": 8,
    "fields": {
      "publisher": 5,
      "group": 7,
      "description": "Taller de resolución de problemas con árboles binarios",
      "creation_date": "2024-12-02",
      "expiration_date": "2024-12-09"
    }
  },
  {
    "model": "core.announcement",
    "pk": 9,
    "fields": {
      "publisher": 6,
      "group": 8,
      "description": "Discusión sobre el libro \"Cien años de soledad\"",
      "creation_date": "2024-12-02",
      "expiration_date": "2024-12-07"
    }
  },
  {
    "model": "core.announcement",
    "pk": 10,
    "fields": {
      "publisher": 6,
      "group": 8,
      "description": "Próxima lectura: \"El amor en los tiempos del cólera\"",
      "creation_date": "2024-12-02",
      "expiration_date": "2024-12-14"
    }
  },
  {
    "model": "core.announcement",
    "pk": 11,
    "fields": {
      "publisher": 7,
      "group": 9,
      "description": "Presentación sobre la teoría de cuerdas",
      "creation_date": "2024-12-02",
      "expiration_date": "2024-12-06"
    }
  },
  {
    "model": "core.announcement",
    "pk": 12,
    "fields": {
      "publisher": 7,
      "group": 9,
      "description": "Experimento sobre la difracción de la luz",
      "creation_date": "2024-12-02",
      "expiration_date": "2024-12-13"
    }
  },
  {
    "model": "core.usergroup",
    "pk": 6,
    "fields": {
      "user": 4,
      "group": 6
    }
  },
  {
    "model": "core.usergroup",
    "pk": 7,
    "fields": {
      "user": 5,
      "group": 7
    }
  },
  {
    "model": "core.usergroup",
    "pk": 8,
    "fields": {
      "user": 6,
      "group": 8
    }
  },
  {
    "model": "core.usergroup",
    "pk": 9,
    "fields": {
      "user": 7,
      "group": 9
    }
  },
  {
    "model": "core.usergroup",
    "pk": 10,
    "fields": {
      "user": 8,
      "group": 6
    }
  },
  {
    "model": "core.usergroup",
    "pk": 11,
    "fields": {
      "user": 9,
      "group": 7
    }
  },
  {
    "model": "core.usergroup",
    "pk": 12,
    "fields": {
      "user": 10,
      "group": 8
    }
  },
  {
    "model": "core.usergroup",
    "pk": 13,
    "fields": {
      "user": 11,
      "group": 9
    }
  },
  {
    "model": "core.usergroup",
    "pk": 14,
    "fields": {
      "user": 12,
      "group": 6
    }
  },
  {
    "model": "core.usergroup",
    "pk": 15,
    "fields": {
      "user": 13,
      "group": 7
    }
  },
  {
    "model": "core.usergroup",
    "pk": 16,
    "fields": {
      "user": 14,
      "group": 8
    }
  },
  {
    "model": "core.usergroup",
    "pk": 17,
    "fields": {
      "user": 15,
      "group": 9
    }
  },
  {
    "model": "core.usergroup",
    "pk": 18,
    "fields": {
      "user": 16,
      "group": 7
    }
  },
  {
    "model": "core.usergroup",
    "pk": 19,
    "fields": {
      "user": 17,
      "group": 8
    }
  }
]